layer_idx,neuron_idx
19,770
12,771
18,2669
13,668
16,255
12,882
19,1438
8,2854
3,3680
14,1958
13,2258
11,1550
10,3477
0,2352
3,3742
11,4021
11,175
19,3341
16,603
11,2617
8,3200
19,2312
20,3210
12,3413
6,3972
0,3393
15,4051
13,3243
10,628
15,3116
19,505
1,1342
14,883
7,3688
17,3162
1,572
2,2822
19,1402
18,2062
21,2876
17,3922
10,2767
14,2726
19,955
2,4047
20,2953
18,2757
1,953
1,301
17,368
16,3941
6,3202
15,3593
7,688
10,3270
8,3473
5,2259
14,1866
23,2106
8,2986
9,1581
10,668
21,566
21,441
17,3704
0,2816
22,4077
23,1673
15,539
1,3907
21,1136
20,2780
1,2294
15,1517
1,2803
9,2178
18,2982
18,472
14,942
8,594
9,2451
2,1277
20,3256
16,1800
2,2449
21,2342
22,3838
21,3774
22,1118
22,167
11,1403
13,155
8,3918
2,2073
12,3723
11,3386
14,3203
23,1803
15,739
8,2259
2,3430
19,2726
21,540
15,3847
5,1645
8,1612
18,430
8,1669
0,783
18,3923
22,1512
17,3023
17,3336
17,359
17,346
18,2511
23,505
14,391
2,3705
9,1980
21,2501
14,1605
11,2002
17,74
12,774
18,1718
7,2194
9,1937
23,500
1,629
15,1317
10,808
5,1539
23,1816
7,183
11,778
1,2233
0,1254
7,2648
2,3793
14,3398
0,2275
14,1891
10,1015
0,2494
1,3778
8,2343
16,2913
8,903
19,2006
1,2059
2,2998
9,1102
7,1475
10,1865
1,2091
15,701
20,468
2,4017
13,3040
10,1099
1,3557
7,3301
15,2579
18,3721
9,3859
1,3850
23,1295
1,3230
17,3933
8,1013
15,3543
3,3589
8,344
22,845
8,1282
2,3553
18,3041
19,3799
21,474
10,896
9,3754
10,3392
13,1292
20,788
23,3034
12,1037
2,3500
8,861
13,1250
10,2053
1,3841
16,1291
19,3244
19,1931
0,2937
21,3088
2,2732
23,1664
8,4058
16,1282
13,3301
17,3158
22,1406
2,965
5,177
23,1029
2,270
8,1204
2,1968
20,3469
13,3991
1,2534
15,1713
20,2946
14,1223
13,33
6,863
7,1833
23,4035
2,2253
14,2365
18,2842
13,3599
6,1619
1,1314
14,3680
2,3366
2,1196
3,955
23,4069
1,227
1,3731
2,609
13,3950
19,1430
22,2144
4,2590
16,1850
3,3461
19,3943
1,1007
21,1261
20,2597
14,2802
2,2827
14,172
22,3556
8,1058
16,2227
1,3786
7,723
22,18
2,2972
9,1513
17,2120
1,2319
2,2820
9,3610
6,3723
22,3468
13,3281
12,3707
6,2337
12,3289
2,173
11,466
16,2979
21,2318
20,539
2,106
1,3042
20,3384
15,3295
11,3908
11,1227
1,3243
18,3606
12,372
20,3435
15,620
8,954
2,2243
17,2444
4,860
18,3981
1,2811
21,2388
17,1195
7,2659
20,4037
2,3830
19,2985
20,1349
5,2806
20,1431
4,2567
12,3229
19,2127
1,2471
9,2402
1,3646
2,1963
22,706
1,590
13,3430
10,2781
13,898
10,986
3,866
2,320
1,2243
14,909
11,3152
2,1975
21,1547
2,1367
1,97
8,1225
11,954
20,1361
17,3669
13,1699
22,804
4,3719
1,3734
1,536
1,2010
22,3938
8,2172
1,467
8,389
16,378
17,1314
23,1494
8,3696
20,2238
23,3714
14,749
19,1047
15,1219
1,3574
23,3094
15,1922
3,1498
23,2234
18,1971
7,830
9,3851
13,2481
9,2953
2,1768
3,2103
17,132
15,510
7,2266
13,3248
3,1233
10,1102
12,2356
2,2654
2,949
2,1169
2,956
14,1608
3,1459
8,19
7,383
2,1102
1,1147
22,2597
1,1658
1,3943
3,3062
2,668
3,1197
8,3802
9,4060
11,2803
16,2278
20,174
5,943
8,440
11,3676
16,3541
17,305
1,53
19,500
2,3019
1,2165
14,65
22,3172
19,2811
6,505
16,521
8,1781
14,3089
3,1463
19,1600
12,2251
19,266
10,3620
3,1830
10,1488
1,1841
11,3667
23,2040
2,3868
10,3184
2,3918
2,3486
18,241
2,1910
1,212
6,2348
16,339
1,3409
14,2725
20,3958
7,3769
0,1958
8,4022
14,1474
11,1421
19,1350
13,1596
10,3314
7,849
14,2066
1,1802
13,2797
8,3100
19,1207
17,2442
12,4
2,1241
12,2227
1,3333
14,2169
16,3810
16,3442
14,1119
11,3436
16,552
2,1273
20,695
12,693
18,1031
18,1288
1,3858
23,638
6,4060
1,940
2,2436
21,1179
15,940
0,361
17,1346
2,2950
2,3759
3,2394
22,2093
22,739
12,2721
11,950
16,3118
9,3415
19,489
2,2669
2,2423
22,268
2,1007
9,1546
7,2766
20,1875
21,1284
1,1931
18,2795
2,1646
8,3535
20,562
18,3647
20,2153
14,577
8,877
1,2574
15,1621
23,3454
2,2187
2,2665
15,3713
19,897
18,3267
2,2662
10,412
6,463
23,3202
2,3396
16,3664
2,812
15,2000
8,1652
20,2893
2,2064
2,1260
19,3782
2,1568
16,1268
10,2148
9,736
11,2556
0,3970
23,1054
10,1362
2,1502
1,2254
22,1483
1,3047
14,394
10,3168
18,2618
22,3934
1,3293
2,354
21,1146
2,2639
9,1758
23,3234
23,2256
15,260
20,1748
8,1819
15,1007
15,3455
17,1550
2,1234
9,192
21,2568
18,1132
12,2337
15,179
20,3971
10,3044
21,3180
7,3973
21,387
2,2127
8,2853
2,1018
12,763
14,3616
12,2785
18,1793
21,144
10,1574
12,2556
21,3998
12,1671
1,1996
15,2145
19,1591
13,1657
11,179
1,1328
1,210
14,2138
3,2725
1,1618
1,268
21,771
16,1150
20,2806
15,2187
3,3080
2,907
12,670
23,3561
1,171
20,3915
13,350
18,1746
11,880
16,1480
17,1959
2,3525
12,1526
13,3180
14,1493
2,3489
23,2218
5,170
9,3170
1,2767
23,866
13,3142
18,3534
5,2792
5,1428
18,2220
10,35
16,3889
10,1388
12,3089
13,2376
1,1585
1,2706
23,2516
19,1223
22,3667
1,1287
22,3229
12,2673
7,1205
15,1162
22,3387
12,698
6,3434
1,410
4,1204
17,3136
20,2241
23,2650
6,1442
12,3843
2,1036
18,1884
1,2540
2,2970
23,3671
1,2374
13,873
2,2092
11,2615
21,882
1,1448
21,1196
23,3133
1,122
11,1432
22,586
2,692
19,485
15,3852
7,1118
22,376
2,1174
7,1245
12,1583
23,1328
8,3055
15,473
1,1362
22,1861
1,58
20,809
7,785
21,3963
10,656
13,3999
22,2707
1,3217
1,1704
14,266
16,441
21,1703
5,2348
8,2154
10,537
21,1161
1,2425
3,3055
5,2336
23,50
16,1460
21,1670
13,125
4,888
15,1083
21,1544
1,3337
21,3369
7,1114
1,99
2,2164
17,1485
19,2410
2,569
11,2528
19,762
23,2954
3,3985
15,3055
14,3962
18,1516
1,1817
1,2343
15,3888
17,290
17,665
6,557
21,1007
17,3774
3,949
9,464
10,2256
2,3812
21,2543
14,3640
15,3621
23,514
14,1689
1,1791
15,1267
13,2200
2,82
17,2518
6,1527
18,2642
19,2817
22,1075
18,4050
12,985
9,909
13,1517
3,2649
6,425
16,1777
10,976
22,3601
3,1301
20,3881
13,1924
2,2635
2,315
2,1812
2,3974
19,2393
8,2269
20,2535
21,91
4,2071
14,3866
15,2013
23,64
23,137
18,2301
1,1636
9,1389
5,2232
20,3069
16,3628
13,3080
14,3850
7,45
12,2823
9,1164
21,407
16,723
23,2559
2,1210
2,3414
22,398
7,676
23,542
12,3750
2,2089
1,1016
1,2096
15,1352
15,1622
11,1478
18,3094
2,3117
17,3252
21,1543
17,1357
13,2389
2,1189
19,2421
1,3317
2,2033
8,3443
10,329
20,2784
23,462
2,1422
22,1440
17,3351
9,507
8,1668
8,3344
20,1293
8,2997
9,1620
1,858
22,1929
7,2448
17,537
9,1572
12,917
23,2981
1,668
20,321
5,3593
18,548
2,3503
16,2139
15,3136
1,1648
13,2157
14,2276
21,661
1,2685
13,1666
9,772
5,3118
21,598
11,3897
20,1081
10,1426
22,3779
17,747
21,3902
8,652
5,3197
13,3822
5,3715
21,1889
12,1985
10,615
1,2299
1,2759
23,1874
1,851
2,3709
2,273
2,126
16,3076
16,1936
7,1414
17,4043
14,3246
12,3357
22,3315
20,448
7,2100
21,3237
18,124
12,3968
15,441
23,859
12,689
15,1423
21,2801
11,2093
17,107
1,613
12,2477
23,4079
2,87
17,4018
1,3250
1,1789
0,2938
20,3543
22,2794
8,3945
11,825
11,2596
11,2396
7,258
9,3460
11,1101
7,375
2,1445
10,686
6,1092
2,2272
19,2450
5,892
14,3507
7,1165
6,766
22,782
11,2945
16,3455
21,242
14,2327
15,31
20,1419
3,1392
2,2666
18,976
13,1421
8,1300
13,3078
23,3851
1,1650
23,2202
21,3996
1,1280
23,8
13,2607
1,647
20,2157
2,3446
6,3558
12,3668
14,530
11,2287
19,1820
1,2210
23,365
13,1814
20,2003
1,2050
15,3065
23,2020
11,1617
2,742
19,839
1,205
2,2422
2,2060
15,1239
11,1033
2,2997
14,3130
15,453
15,3970
9,701
2,1340
21,512
14,3658
21,1044
8,3023
2,769
23,4090
2,1790
22,1811
21,1454
23,3729
2,3784
14,381
16,907
21,2152
2,979
21,961
20,301
10,2293
12,3969
2,3977
1,778
2,117
10,413
8,508
20,3117
1,1514
23,1337
11,251
19,2856
0,1469
13,2239
8,2713
11,545
23,1665
17,535
2,3543
15,3760
2,131
13,2142
17,2804
16,286
2,1733
15,1664
21,3763
1,1361
20,1483
5,1386
1,3455
0,1920
1,1017
10,764
11,853
21,13
16,3944
9,2756
16,1808
2,3433
9,360
2,2932
9,3536
1,3652
2,3495
13,3419
1,2998
13,1071
13,3856
6,3358
8,642
8,2417
2,3895
1,1776
1,263
11,1405
14,265
20,3643
10,469
14,2810
9,3049
1,2945
22,1324
8,1498
1,2108
4,2600
18,3735
2,3676
2,1827
9,2951
8,2917
6,1481
23,2552
10,1647
2,146
2,1840
1,704
16,2493
17,2154
2,2534
8,4084
9,2210
14,2584
23,395
12,197
20,2460
1,2497
8,3134
6,4033
0,1036
1,2689
23,808
20,1313
6,2278
2,691
21,1054
15,1937
21,1404
9,1777
1,1799
3,3098
19,2427
6,78
2,3251
19,2024
12,2614
20,1014
15,2276
8,1877
1,3629
15,3231
1,279
10,1651
8,16
15,3595
9,1687
16,3205
3,520
8,2169
8,840
2,3420
0,2595
3,2212
2,2451
2,2698
19,1974
10,3174
1,254
9,1678
9,3984
21,469
11,482
14,463
0,3482
16,1036
3,1532
15,1174
19,366
1,2987
2,219
9,2751
12,3603
21,1658
18,3508
15,3711
23,2595
9,310
21,3168
2,1839
2,137
6,2608
18,1803
0,3492
2,3480
18,450
20,1159
2,2357
11,822
3,2130
19,2756
15,2987
5,3343
20,3212
22,561
12,2440
1,2791
9,1382
1,570
17,3119
2,2136
2,3210
0,3194
14,3281
8,3539
8,416
9,3651
21,786
1,1615
2,1566
10,1877
4,2746
14,2691
18,2519
10,3459
1,3456
17,3824
17,2245
1,1223
17,1522
21,1084
2,3207
18,534
1,584
19,115
23,1080
5,1066
23,3875
20,806
20,2267
12,1733
23,1278
22,1202
5,627
23,1157
16,394
21,2633
23,555
13,161
20,4029
10,2212
16,2067
17,1921
23,572
7,1231
6,3036
16,3996
1,2600
15,480
5,276
20,3873
6,3302
13,890
8,1040
15,534
11,69
1,1058
1,1269
6,4053
12,2055
16,289
21,754
23,3994
20,1212
3,2532
1,166
15,2407
14,2160
23,3032
12,2704
8,1717
17,3035
16,3269
14,3633
1,736
18,4045
21,2334
21,1381
9,1343
6,1618
19,2444
16,3623
1,3306
19,1119
2,2743
23,2402
1,1026
1,2853
3,2475
21,611
2,626
1,1524
12,3768
1,3921
2,1870
11,2883
22,2984
8,892
19,197
1,255
13,170
23,88
23,2632
2,2787
10,3063
8,1272
14,1411
2,1003
19,4047
12,1964
1,281
8,541
3,2990
15,3067
21,2413
8,311
1,2648
10,2812
1,1111
11,3484
3,1781
1,1879
22,3015
7,2876
18,1902
2,795
21,215
19,30
13,2196
3,208
2,700
12,3899
22,2573
17,3952
1,2041
20,209
6,3806
19,3514
23,2859
2,4022
13,1057
23,1641
3,3530
19,1987
15,315
10,1920
23,2879
12,1163
7,3545
6,1178
9,2090
23,1500
19,1489
1,994
18,3605
2,3637
13,1736
1,345
20,4026
8,153
3,1004
2,779
7,3942
13,1983
20,2830
8,1949
15,3149
15,4065
12,1498
4,2906
23,2175
19,2810
2,618
13,2136
23,1093
1,1270
19,3148
13,653
1,2397
15,190
21,1662
0,190
11,475
8,1238
2,4062
22,156
18,1102
16,3126
2,244
19,1252
10,939
2,911
6,1889
2,2834
23,1977
1,1835
0,3345
2,615
9,3549
17,2825
2,290
8,316
1,3532
14,3010
3,203
12,3748
10,1858
2,3162
1,3077
21,3406
23,3845
1,1952
15,3798
10,3953
5,3303
2,1899
6,3906
20,3713
9,2772
21,1987
22,2246
11,2715
21,1800
7,3612
13,394
8,1882
22,2764
12,664
9,1825
22,952
2,3698
17,2775
13,3389
23,2471
2,1960
19,2573
22,1203
14,4065
3,3520
5,3506
2,2185
11,1295
23,3043
1,4022
22,1994
7,2257
23,2275
11,876
18,1835
3,2437
20,4075
22,366
14,3713
7,3897
1,929
4,126
7,661
23,2671
13,2980
10,1681
11,4058
23,2952
11,3280
20,3570
18,1279
10,688
12,3625
3,2738
22,559
5,265
3,2669
2,3209
21,979
8,2429
22,324
22,2744
23,3878
19,408
23,1498
2,2530
11,2139
21,2096
1,741
23,2793
11,455
12,2740
10,2141
1,791
23,1083
1,3550
0,3017
18,2346
6,1380
11,123
1,3876
10,2537
9,1213
3,535
7,3634
2,2960
1,2487
2,1519
18,2458
9,2729
22,3764
11,831
22,2548
1,3021
4,460
2,2704
17,308
22,2317
10,4006
7,2722
16,1019
1,60
16,2605
15,2606
19,2398
2,1868
16,1724
20,478
16,1133
10,2045
1,175
20,3607
0,224
1,3643
15,3272
23,4082
10,1823
5,1025
18,1691
23,1355
13,2563
23,1284
3,2038
1,3215
2,1078
2,3409
20,2873
11,2831
14,1284
21,2498
19,1506
2,3411
4,110
1,3267
5,2526
3,1438
23,3227
11,3174
6,1717
9,3254
22,3156
2,362
4,3408
9,599
9,3738
1,3956
18,3161
10,844
3,337
11,1052
2,3781
17,674
3,3149
3,1859
20,2136
20,2470
14,3936
9,1974
20,3360
22,235
6,1850
1,74
23,802
20,1799
17,1116
13,2794
22,1444
1,2555
23,2460
16,1786
18,3410
22,638
2,3872
2,641
22,1884
10,3307
10,3418
21,1997
9,621
11,1572
2,3068
1,3137
2,3636
2,2040
1,3976
2,797
1,3916
22,2987
9,756
8,3234
6,3823
7,503
7,228
9,2511
11,838
21,3868
1,2429
9,571
8,1202
12,495
17,3766
5,1719
15,1574
8,2687
8,2743
2,3723
7,1069
19,439
10,1908
2,1118
15,1355
15,1292
11,371
4,1705
2,3315
7,973
20,1450
17,2766
12,864
6,981
6,3422
10,1063
11,3621
2,1325
2,1111
7,3852
10,2975
1,4053
10,3634
17,244
14,2357
14,1973
10,2407
2,3720
1,2199
8,920
15,214
1,2111
10,2546
8,3175
11,3918
2,3081
23,2600
22,1523
12,544
15,1066
12,3294
6,1473
23,2345
3,2473
20,898
2,238
2,3738
8,1522
17,3072
14,3942
1,2492
23,1766
11,2403
3,1327
10,2831
23,1717
2,1805
10,194
9,1681
1,2660
15,2144
14,3899
9,3761
19,2264
22,1087
1,433
2,4019
7,38
18,2271
12,3915
12,747
22,2460
21,1079
7,1550
14,2466
4,3999
1,3965
16,1264
8,630
11,2975
10,1972
1,2271
23,1831
23,405
9,3037
10,576
10,351
1,1569
15,3639
7,3503
7,1196
15,222
5,1023
2,97
9,1257
17,953
18,3598
9,2353
23,1939
19,2838
21,65
20,2826
1,1647
12,3154
8,1613
18,2617
20,1302
19,1852
13,3942
2,3161
1,3356
21,2237
8,346
8,3327
23,3664
18,3191
18,2264
4,2086
15,500
1,1691
1,1487
12,1661
2,3467
5,2811
19,403
10,441
2,3775
2,3340
2,516
11,1452
9,2697
15,2270
8,2018
2,2340
22,12
13,183
22,2555
7,686
17,1734
1,3661
16,1712
15,2565
11,640
2,1895
16,3655
13,1626
23,2270
2,2076
9,3780
6,2574
20,1189
1,2087
1,1430
11,61
11,2479
10,2153
1,2981
15,1944
23,2276
9,252
6,849
21,1600
8,3843
17,1949
2,2604
20,1272
2,1096
1,3484
10,3304
10,3409
19,2134
2,3972
14,1089
22,1230
14,3808
19,1319
16,3753
2,752
18,2008
19,3702
12,1129
10,3454
19,1681
13,3712
10,1646
16,3915
2,581
1,2302
19,3561
10,384
11,1797
9,3120
19,1804
8,3306
21,1360
13,3962
1,943
10,75
9,2474
5,140
20,3821
23,3184
10,3431
9,3816
1,2215
2,3962
7,334
16,484
22,23
16,2870
1,365
13,1833
19,1299
19,1353
23,2564
2,2410
23,2307
2,1697
23,2912
21,1379
22,1776
6,1818
11,2344
10,980
2,3616
12,1799
8,1799
11,370
1,3434
15,3326
12,860
1,3414
20,3383
17,2325
20,1552
15,52
22,934
1,4025
21,3106
21,1771
23,3433
13,1664
2,129
14,3053
12,3790
23,3890
22,3369
10,1435
1,2798
1,1866
7,2974
23,1119
1,1542
23,2349
16,1377
22,776
10,2652
8,221
8,1913
10,2858
10,3894
20,3773
2,759
2,1229
0,1850
21,1577
2,2812
5,344
11,1326
2,1853
2,4080
17,2927
3,3738
6,1968
6,1272
20,701
5,4074
11,3993
1,3806
7,3474
23,2031
14,1014
9,165
1,780
22,615
2,1950
13,102
1,3234
13,1414
9,2666
1,2639
17,3306
1,3714
2,1487
10,3365
15,1960
7,3564
0,3820
1,2431
22,65
22,3035
8,3137
8,2281
7,3486
5,1665
2,4000
8,2106
17,4074
2,2683
20,2109
15,2361
14,911
1,200
6,3193
7,112
21,1851
9,436
2,2958
13,3732
2,3741
23,360
20,1287
9,3482
18,2436
6,1072
18,3353
7,1572
19,1670
16,3015
11,530
7,2219
16,3395
12,2363
14,2064
21,326
11,3472
10,3748
2,2085
18,2481
8,2800
8,3701
18,3475
15,2370
2,3526
13,2303
6,2700
8,2085
13,3803
14,1215
22,3904
10,1500
2,2216
23,674
20,726
11,2416
1,3969
23,1616
4,1402
20,409
22,121
10,640
23,2245
20,1741
17,188
22,1903
9,807
1,2061
1,3354
14,2556
11,41
18,1797
21,1345
4,636
21,418
19,1032
23,3670
2,3620
5,2929
4,3261
1,2378
10,1616
20,2525
23,3781
8,3247
8,2424
1,3926
14,1324
14,852
1,934
23,2796
13,1496
22,3735
2,1987
2,1113
2,1083
23,2282
17,1929
8,3966
9,1242
7,907
7,522
15,3247
14,761
18,2155
1,1
11,2604
2,2235
2,2933
4,4025
9,3043
14,2008
20,2836
13,1201
15,1398
3,1206
21,2799
11,849
19,938
23,3788
2,3915
8,313
1,4093
8,1999
16,17
23,1208
6,2692
1,3618
20,1288
15,1280
1,333
8,3044
23,855
2,2038
8,2752
17,604
2,2121
19,2241
18,1692
6,3103
9,2225
12,380
8,3277
14,1983
11,1171
17,1532
9,3320
7,3914
5,3585
5,2667
17,4025
14,1842
8,2888
2,2795
14,916
2,2395
4,2336
14,2685
20,3566
23,872
23,468
1,83
23,1566
1,2543
1,468
6,875
23,1698
21,2994
22,1857
9,2420
2,981
9,3813
13,924
1,3064
15,3121
12,1657
23,3046
13,594
6,3789
7,1135
12,1268
21,2083
19,11
7,2903
2,2378
13,501
21,2885
1,305
15,1603
7,1990
6,1774
12,1577
2,3878
23,3789
7,1525
5,1871
9,1373
17,3160
8,3384
1,2102
20,3710
1,762
15,1695
16,2942
16,1830
19,1389
11,3974
18,1328
12,3406
2,686
1,2393
2,3432
10,3234
7,2510
2,297
16,3538
21,2338
10,2860
19,613
22,648
6,67
8,3261
13,3588
12,1125
2,280
20,937
9,3072
19,3450
20,2864
0,1665
17,1004
15,3008
1,1491
20,3846
19,626
14,686
1,2668
15,1396
14,294
6,2266
17,519
13,3184
21,2567
20,4059
20,1747
2,1828
19,3352
17,779
10,3337
2,199
1,452
23,3373
7,2227
22,415
23,820
20,2763
10,2322
2,2826
9,3913
2,1053
1,2968
23,3318
18,629
21,2479
8,1233
19,1688
15,139
7,3443
1,1462
19,3307
2,533
21,254
12,2833
5,2847
12,3183
2,1919
0,2943
13,1715
16,325
1,3617
23,3374
16,2621
20,1423
18,1761
14,30
8,3925
18,524
23,431
1,3172
2,3879
12,1389
22,2483
2,839
2,2914
21,403
16,1231
18,639
19,1932
10,115
18,1428
10,3019
10,3128
6,1971
3,3983
7,3951
21,133
2,773
10,2360
22,1262
1,1674
11,3641
2,1209
8,2075
19,3927
23,1165
5,946
14,2133
5,2288
13,1020
12,1376
5,1795
15,2517
19,804
14,669
15,1415
4,440
1,842
1,527
4,696
1,1091
2,1146
11,2518
3,3357
17,2561
2,2306
1,1893
11,3416
9,1243
4,4045
1,1928
15,1347
12,624
8,2304
11,1177
2,1404
12,1068
2,2321
21,438
2,261
19,2575
17,2152
22,1763
18,2167
14,4081
2,2823
21,1914
15,2356
15,435
17,1780
11,2211
1,2168
23,3880
9,2791
10,2028
18,4066
1,2756
17,447
0,2638
10,3796
23,2206
4,1283
15,4015
10,1970
14,3649
10,2057
2,2323
23,2687
12,3063
12,3457
9,3226
18,1167
21,283
1,3480
10,1826
12,498
1,343
11,331
7,1455
22,1091
18,1397
18,2336
2,3786
23,2963
2,1068
6,1711
20,3762
15,3882
13,407
1,949
8,455
1,3832
23,1545
19,1595
23,1143
10,3248
23,3959
7,3777
2,590
20,2071
23,1872
19,2245
2,2894
22,1930
22,1418
22,2791
3,1916
23,1799
10,1118
1,2749
15,2001
1,177
10,1561
21,1659
5,941
12,996
23,3826
20,3866
8,3685
1,167
8,1629
23,1312
1,1944
4,27
2,3588
1,3049
1,1162
9,3169
1,1126
10,2300
21,3371
9,3007
16,4050
2,2554
23,4009
10,2558
22,3993
14,356
22,3658
19,3569
1,3331
19,2794
9,1589
14,4017
18,2624
5,3487
1,975
1,880
22,1666
20,3093
22,1901
9,875
6,95
19,3449
14,2957
19,1149
7,1116
21,706
8,3209
23,3292
3,2322
10,1376
1,1729
22,3021
1,2490
4,3388
12,2569
23,1171
2,2347
1,1432
12,3249
23,153
1,1473
21,3997
8,1751
9,3335
15,538
16,3696
7,253
13,3694
8,3955
6,383
4,2702
21,1133
22,1184
13,1439
10,69
18,1921
7,4009
2,2495
18,2260
1,2906
13,3037
22,2527
18,3298
23,3173
14,794
2,1095
5,2323
2,2471
22,481
2,353
8,2166
2,2059
7,1681
2,2642
6,1542
16,3716
1,4007
22,3750
22,735
1,1002
11,934
12,3839
21,1926
18,1085
23,3115
1,2593
1,680
20,2222
8,562
20,3854
4,3116
2,2881
10,2456
10,1225
1,3132
3,5
22,2012
21,2312
1,4059
8,1840
1,3716
2,823
23,175
21,1513
1,1324
14,1641
22,1470
3,2277
1,3427
23,473
7,2668
10,2561
23,965
2,3679
1,3963
5,3461
16,697
18,1224
18,2945
2,616
14,311
5,1182
23,823
22,1237
19,1342
22,3251
23,1519
12,965
22,2494
2,954
11,3227
14,652
22,953
2,1423
1,887
15,3575
17,3147
1,2352
6,1990
2,3946
9,1399
17,1865
23,1510
0,598
14,2129
22,1612
8,3689
11,1594
20,1560
17,1645
16,1630
4,544
3,1384
21,339
14,611
1,3310
2,873
23,909
7,3528
9,1985
4,2823
2,3003
1,1251
21,1493
15,1813
23,3033
3,2415
5,2743
23,934
15,3128
3,1711
10,1676
2,1783
1,1351
20,1808
9,1224
5,2218
14,1853
22,2890
21,1642
19,1743
2,3224
9,435
14,2243
13,2165
2,3686
14,3919
12,472
8,2139
11,2366
2,3995
16,185
15,1240
6,189
7,2192
15,609
6,862
1,3847
11,2906
7,2515
19,1122
23,1139
17,3966
23,244
23,1453
3,157
16,15
5,880
1,2647
17,2919
12,2886
4,1899
6,2016
1,1553
11,2116
18,3891
15,1602
3,990
23,3672
1,2414
2,515
14,3498
23,1565
1,598
17,1776
17,3088
10,247
2,3165
22,3907
1,2524
3,260
1,40
10,3555
2,343
11,4046
20,892
22,3576
2,967
23,792
13,2964
11,480
1,2753
2,1418
22,3376
3,259
1,1415
1,674
22,1437
13,2852
11,3138
14,3732
13,2741
1,353
23,2744
9,4030
22,4024
6,1195
9,2860
16,1652
2,1317
21,2852
1,1552
18,97
18,1281
23,277
6,544
23,124
14,3511
15,1353
12,103
2,4029
21,2151
19,3991
23,141
18,1365
15,761
19,551
0,289
8,2704
8,2359
15,1377
14,1813
17,4075
2,3774
14,2667
2,3742
2,4090
12,2490
8,3861
20,2428
7,1202
23,1462
7,1782
22,1556
3,2625
22,2594
12,1410
1,2931
18,3246
17,1344
2,3711
1,3065
17,627
9,3557
2,1301
22,3984
1,534
22,3306
22,1025
2,2596
4,4010
10,1631
22,2176
2,658
23,2732
2,200
16,851
10,2397
5,920
23,2488
12,1361
11,3005
17,2904
2,1848
23,461
3,2377
12,1444
23,3625
1,3176
11,1682
4,2170
11,1374
10,1177
8,869
17,1368
17,2891
1,1761
2,2578
22,884
16,755
8,3038
4,3318
2,2431
21,2310
15,879
7,1077
2,2677
20,103
2,3652
9,2960
1,2021
2,3291
7,647
2,3218
21,905
2,2271
5,580
21,2150
2,721
7,3886
22,209
17,839
14,2452
4,3143
14,210
1,3228
2,3041
2,2122
2,2406
22,3312
8,3523
14,3756
1,2395
1,1028
21,2067
20,2659
20,1785
0,2687
10,2422
23,1748
8,4001
12,2858
8,596
22,1300
1,2844
20,890
9,375
2,109
17,2903
11,1962
22,1849
23,1564
22,3310
8,4052
8,2675
16,999
3,2092
2,1909
1,775
2,746
17,2575
8,2292
23,112
2,613
18,4091
17,3881
11,3363
15,2808
21,3104
2,1033
1,2626
3,4043
1,1824
3,3574
1,1985
8,228
6,3831
5,761
6,3751
3,367
17,2824
8,2499
23,2833
12,1315
12,269
3,3901
2,1084
13,2333
1,3564
1,2080
2,396
1,2818
10,911
6,3575
2,141
13,336
11,796
0,49
9,433
14,1337
11,1801
18,3697
8,3243
5,1819
1,1766
10,940
13,867
21,3477
20,1350
8,388
20,2965
17,587
7,3668
12,362
19,3223
23,645
2,2050
12,502
20,2932
23,1439
16,3879
19,241
23,908
1,3735
2,3703
4,508
23,1861
18,667
11,1777
10,187
2,1994
12,1893
2,2331
1,3696
7,1239
4,958
22,2902
9,3355
1,292
2,2686
5,166
22,1380
23,393
3,1358
21,2147
22,2076
11,3506
17,31
22,1546
20,1051
9,4077
12,1809
9,1566
20,1614
14,671
8,3442
18,1572
1,1924
9,741
15,956
3,2958
3,378
13,2058
1,485
13,442
1,2801
16,319
2,2513
23,479
22,1746
11,1114
19,3902
1,2925
7,174
4,3348
11,3773
23,2493
2,1560
18,2164
18,509
7,268
7,1738
21,2519
16,977
15,3783
20,2261
14,2849
4,3351
18,636
2,332
17,3631
8,3125
2,4075
22,1392
22,2651
23,3423
16,413
17,3389
15,1473
9,1056
13,978
12,2100
2,1451
1,398
22,938
12,906
14,1577
23,1921
2,2102
2,2543
11,3008
2,1824
10,1874
1,17
17,2595
18,2369
8,1351
15,3923
0,3394
17,1402
7,2289
12,2313
1,2313
16,853
23,3680
2,1949
22,2128
7,1697
23,2892
14,2343
11,1577
12,1562
0,739
22,2091
20,2218
8,2445
21,2174
17,1964
21,1034
22,836
9,3132
1,3751
9,2179
2,2276
2,3442
2,3649
21,669
8,1849
13,2444
4,2328
13,435
15,781
8,939
1,389
22,1469
2,937
1,1846
23,2111
9,2281
17,474
8,2116
3,522
22,743
1,904
17,279
20,3519
1,3831
9,3159
6,4015
12,2674
13,3312
11,25
1,3430
18,2414
14,3781
13,1566
10,3610
22,2863
1,3899
12,1812
7,2207
19,2062
19,625
12,2070
22,1786
23,1097
16,2993
9,2939
23,1595
1,2804
8,2094
7,2633
2,741
12,1484
23,1809
9,2340
1,1690
8,2779
3,2739
15,1104
2,1713
1,3944
19,2859
14,1870
1,3647
14,1912
21,1238
22,1742
10,3675
17,2791
8,653
2,1047
0,1604
13,963
18,974
21,3131
1,4055
12,1220
2,3262
22,762
21,3583
1,874
12,3412
14,2331
1,930
6,121
8,1030
23,613
22,1815
15,3914
3,3759
13,1513
23,3621
21,3259
8,2875
3,2854
23,2220
2,1138
2,1600
0,4004
19,726
6,3657
6,3785
11,231
10,3780
15,2863
2,385
10,422
13,2591
2,2716
7,2677
6,2094
1,3530
13,1391
20,1315
17,2163
21,2292
17,3803
19,2109
1,110
21,1398
23,1507
21,463
15,1461
9,2641
9,706
20,2000
8,2955
1,2337
11,2941
2,3383
14,813
14,1107
12,3751
18,2406
11,806
11,514
21,792
9,1827
2,2492
8,292
15,203
10,542
12,1040
2,3178
19,2275
10,3429
23,1815
6,872
3,1989
15,1315
23,2453
2,2681
1,3644
22,3461
12,1883
20,60
12,857
23,1117
7,39
15,2220
11,1223
10,673
22,181
1,41
9,1153
2,1200
3,1192
23,2778
17,2490
22,2486
4,1318
18,1841
5,1739
1,3864
17,2360
10,2862
19,1457
9,384
2,3766
22,305
14,1483
8,1193
2,1185
1,2562
1,193
16,694
17,1340
17,4064
1,2357
1,687
9,3603
23,1573
18,192
1,89
1,1492
1,889
3,4004
23,4071
14,2038
20,720
11,1211
22,1680
23,3409
15,1551
3,3768
14,1355
6,2793
8,3872
0,2469
21,551
1,3479
2,844
0,1680
14,3863
20,346
13,1194
5,504
1,1413
23,3117
10,3415
6,995
23,2005
6,603
23,3931
23,370
17,2275
15,1438
13,2952
10,1075
10,3980
12,259
2,1888
17,1748
23,3365
1,3911
11,1036
12,3545
12,1866
22,824
21,322
0,2580
19,966
21,2530
12,302
22,2013
1,927
9,2530
1,3528
2,913
10,3056
1,3575
7,477
12,2194
12,2073
9,1708
23,1735
13,2999
7,3477
22,2771
14,362
4,1942
2,778
15,3776
22,495
4,3925
10,188
23,111
14,2807
12,3198
9,1812
19,3769
10,2679
1,905
19,3501
1,16
14,3006
7,628
11,1205
22,3834
13,656
1,2180
2,719
8,52
11,3664
8,282
10,2255
8,1448
13,1246
2,3991
5,2478
18,3211
20,2265
10,2890
12,2190
10,3919
1,1977
7,3267
2,894
20,3199
9,696
14,1740
6,772
7,1986
11,321
23,2463
15,2134
4,3144
1,1777
12,2453
2,1830
22,2260
5,500
2,2441
12,2730
2,2624
18,2013
7,519
9,651
22,3549
2,1505
9,3392
13,1927
1,3764
23,21
1,1123
13,151
6,4072
7,1482
19,577
16,2288
17,3185
22,3965
9,2104
9,2478
14,1854
6,1354
19,2193
10,4048
23,3496
10,2299
23,2851
9,128
20,561
21,995
17,1978
1,631
17,1790
2,1017
1,259
12,2202
0,1149
8,957
7,3683
1,3275
5,2132
6,1791
3,1313
1,2309
8,3214
2,3806
1,4014
5,3530
2,3605
16,2906
9,151
11,3487
5,1619
1,3214
8,2742
1,481
10,2249
3,3840
14,1112
10,4086
23,3340
5,2177
22,1808
7,2763
0,2274
1,2589
1,2558
19,1854
21,2688
13,2378
2,2368
19,899
1,3747
6,3571
11,3942
1,1743
12,988
1,3236
21,2395
4,638
2,2266
22,3135
1,2766
1,4063
22,128
2,2593
9,2204
18,493
1,85
23,3618
2,2756
8,3891
13,3958
14,1334
21,2109
2,304
22,1494
1,3118
12,2045
2,361
16,3526
1,1033
5,3437
11,496
1,1027
7,1479
14,2692
18,40
10,165
21,1416
22,3645
10,1853
3,36
4,1049
18,903
13,2338
9,3151
1,1795
8,1420
22,3797
8,323
11,4029
9,2223
1,768
11,351
11,2159
13,2312
12,3813
10,3984
11,3200
2,1453
2,1806
22,1159
2,3302
12,2854
19,4077
1,3980
2,3021
12,1054
21,3078
22,748
20,3900
19,937
23,2731
19,1381
2,1573
9,52
1,3007
2,3563
19,734
11,3048
6,1006
17,1394
19,1189
4,1395
2,2783
19,3887
2,3699
23,3157
1,284
2,1214
22,91
3,2346
21,957
8,3404
10,3408
19,556
1,81
1,3422
15,2866
23,3554
21,2043
11,1420
9,4007
10,11
11,489
2,2262
22,3105
1,2980
3,1880
17,869
7,2699
2,1499
14,2551
18,2472
5,3391
13,2738
1,59
23,2866
14,2835
12,2880
1,2194
1,2959
14,3474
2,662
19,2352
9,75
13,1519
10,1323
6,3875
15,1579
23,1771
9,3640
10,3471
20,1185
18,47
21,1942
10,2483
11,712
11,3018
6,2746
7,1680
5,2396
20,1905
1,2023
7,3017
23,1626
23,2881
4,1677
11,266
10,454
8,847
20,3599
20,3999
13,1137
10,460
23,420
6,2586
16,597
6,3354
22,1761
23,961
3,2490
10,1092
23,2872
13,3682
2,2486
15,1115
3,2572
16,3570
2,74
7,3182
5,656
1,1936
19,1996
22,2875
10,427
9,1354
3,1407
22,922
7,2691
1,3843
1,3896
6,1097
13,478
21,618
2,1337
22,3330
1,1000
1,3303
10,1436
8,298
23,2531
23,297
17,2294
11,1408
22,818
22,997
5,3629
17,656
7,3621
1,3487
19,561
23,1638
23,77
1,49
23,3638
20,3691
18,2969
6,3261
21,3639
2,183
2,565
2,3034
7,2954
8,2946
10,2095
8,2604
2,1299
12,24
9,1049
15,1837
20,1135
6,3638
8,988
13,525
20,221
14,2485
14,1353
15,3931
17,1276
8,937
21,2008
23,1580
15,3486
22,119
13,508
2,110
23,2335
22,1290
7,196
10,703
18,784
20,466
5,21
14,2229
23,1592
5,3846
23,2597
1,3987
2,444
22,2679
7,3814
2,698
2,3702
1,1279
2,2405
2,163
2,1644
2,989
23,1369
8,2088
23,3957
10,1230
21,110
9,1359
11,2752
1,2410
16,2216
10,1073
8,2217
23,2783
17,2922
14,3070
7,2883
23,2587
1,1609
9,1387
16,2630
1,1563
20,372
10,3448
5,31
12,3278
2,2715
1,1243
1,4078
5,1709
21,2230
7,2384
18,2628
12,3887
10,174
19,3035
22,1874
1,617
1,3102
10,112
4,1859
12,756
10,2925
13,3133
20,3602
21,3010
19,3686
23,2467
8,994
2,2883
23,658
0,1268
20,3784
18,73
1,315
8,2765
2,1957
21,3308
3,3058
22,3050
10,2326
23,162
2,1486
2,223
18,1830
1,1749
1,1053
2,1021
8,883
7,2994
23,1547
10,922
12,1489
23,1676
22,2880
1,552
13,3283
16,438
23,329
15,1392
5,283
9,2537
2,2047
14,1435
1,2158
4,63
20,1568
11,3946
13,2784
23,1598
10,1836
17,3036
22,2705
11,3336
20,1721
8,715
11,2192
11,32
1,4026
10,1939
3,2286
13,912
13,918
15,1124
10,4011
9,4014
10,2049
23,3922
1,3078
21,1408
13,737
1,1005
2,2637
13,2435
1,3033
10,2079
1,2268
22,1052
23,2154
13,1796
20,2833
8,276
2,60
7,128
2,3294
2,1912
4,1424
20,1415
13,1866
21,730
7,1844
1,1522
14,1996
12,2307
23,2862
5,1356
20,219
1,3861
12,449
8,909
1,20
13,1685
5,3368
8,2421
10,2040
1,2692
2,194
20,1233
21,4029
11,661
11,1022
22,3140
22,1956
5,1758
13,590
23,2535
4,2041
14,408
10,2197
22,2499
19,2621
23,789
1,965
22,2297
9,1752
4,732
8,201
2,2922
7,3932
6,140
7,3631
21,2825
8,3135
2,3583
13,3832
7,61
14,3995
7,682
3,3897
1,1781
21,1180
10,2258
1,1436
15,3243
13,1406
1,3010
23,1718
8,2054
3,726
14,1523
2,1290
23,1045
1,3470
2,1667
2,2854
16,1115
8,1924
23,220
10,2118
2,3407
11,1037
1,1444
18,546
11,468
22,1821
21,3962
17,1707
19,3733
18,3615
1,865
16,2532
10,2014
5,1370
16,1494
11,2642
1,639
1,3174
2,155
12,1773
14,2329
12,1164
16,3084
1,4067
11,878
11,3836
6,70
2,1121
2,4074
9,4068
23,1081
16,2090
2,3483
19,353
13,2614
21,3219
4,1552
2,75
2,371
23,1425
23,493
1,1265
4,3946
5,1379
9,3996
5,690
20,1757
22,1936
13,631
1,1093
7,1146
7,964
20,3098
2,4093
1,825
13,712
2,2265
7,885
9,237
5,3335
6,1992
18,3765
2,1918
6,1111
1,1910
8,1957
13,3894
23,463
20,2823
22,549
12,444
2,2684
3,2881
13,2067
12,78
17,2871
17,2772
18,1581
19,8
10,2548
23,754
1,706
1,3068
16,3337
12,1283
11,1244
2,298
2,494
12,180
1,32
0,3298
5,399
22,110
19,2710
1,3978
11,2438
12,1149
9,4039
10,3349
22,412
14,3722
18,2172
3,1516
22,2910
2,3852
3,1
18,727
8,983
18,3371
11,884
22,3630
15,2346
10,2250
8,3079
1,2707
8,229
2,3466
0,891
2,2545
23,1886
1,2432
16,1496
14,2088
6,32
23,2492
15,3623
10,3859
13,3385
12,499
12,2902
6,3630
17,3750
9,937
9,3447
1,1454
21,2233
6,1459
1,1660
5,1442
19,224
23,2331
5,3796
10,1024
5,2671
22,893
16,1802
12,1557
21,1783
20,2160
9,1897
17,41
2,4030
17,130
1,1965
22,3059
2,3469
13,1157
23,1901
8,973
1,785
19,2020
2,1959
21,2200
21,424
18,3279
19,1725
1,3
19,3028
23,3035
2,59
23,410
23,923
23,31
3,3504
23,1038
7,1959
10,887
8,2599
15,2729
18,4065
13,1614
8,1632
17,3326
6,86
12,2611
12,3102
17,4013
10,3823
2,2633
1,794
9,2375
10,4093
9,1318
15,2431
4,2874
1,447
22,3029
22,2713
6,290
1,3126
2,3028
8,1436
2,3598
8,3798
13,3608
1,990
21,3457
4,374
13,1249
16,3744
15,820
23,716
22,2401
2,268
19,2220
8,934
11,2480
10,2722
12,738
20,1541
10,2107
3,2980
9,1737
18,245
2,3597
23,945
22,3169
20,2344
8,2174
0,1105
19,3412
22,2563
1,2289
2,1635
23,2690
10,1792
4,2268
23,3385
20,1919
3,31
11,353
13,3892
2,3335
7,3404
22,2718
22,1117
2,682
2,3240
14,870
7,1271
11,1634
22,107
9,2614
19,328
23,3362
23,3049
21,814
21,260
0,1959
2,1638
16,35
16,2368
16,2319
8,1582
6,4047
1,4041
1,208
13,1316
1,1224
20,2242
9,1449
2,3901
7,3096
2,455
23,3582
13,570
2,1807
7,1015
9,514
6,3521
9,1256
15,264
21,1934
17,3573
23,2423
9,1171
20,2400
17,273
8,1854
13,1766
8,554
1,753
1,415
19,2636
1,1117
7,3845
7,377
8,24
8,484
0,3929
19,2104
2,1503
21,4039
1,1031
8,1778
2,3155
2,2242
15,1187
2,985
22,1276
15,2153
19,571
10,238
11,1920
14,478
16,1979
19,417
10,3742
1,3256
2,1333
16,1913
6,635
16,2567
21,2992
5,1230
12,178
15,542
21,3166
1,1047
10,3187
2,1057
23,72
11,2397
1,44
1,3322
1,1220
2,3808
23,1797
12,3233
2,1618
16,3154
6,3118
14,1931
3,2077
18,2347
2,2542
1,3135
2,3137
23,684
3,2109
9,2434
19,41
1,3391
11,1286
4,1720
8,2040
17,2134
2,3873
18,1851
1,547
3,3333
17,2090
1,1769
14,1642
23,341
4,436
11,3861
18,3317
6,2260
10,627
5,2552
3,785
2,2772
1,37
17,1173
9,3666
23,1879
3,3122
16,3367
12,1793
23,2178
2,2388
9,2624
12,3827
22,416
1,1066
12,577
1,1805
2,1931
23,3642
20,1796
8,444
23,798
1,2850
22,2332
21,42
19,3881
2,2291
23,1036
5,572
16,4016
13,2849
2,3554
4,1332
2,919
18,376
2,1825
17,1438
20,2685
22,1398
11,2609
19,105
15,2793
13,162
15,3557
15,3211
1,837
11,170
18,2717
9,155
19,1361
3,2848
2,23
10,1140
15,2698
23,3461
23,2428
16,897
18,1291
8,2562
2,3136
6,380
7,2585
10,1397
16,959
22,2434
1,2280
4,142
22,1456
21,2649
11,3110
13,3489
23,1578
1,3438
3,2402
0,3280
1,1730
2,3203
2,274
4,399
21,2287
23,3669
16,2021
19,390
10,1898
21,2177
21,2183
1,809
8,2199
3,348
2,1784
19,277
14,815
23,2432
23,1732
14,2028
15,3169
19,2685
15,3909
23,1095
21,1744
17,727
12,215
8,1434
11,3712
23,2627
2,1449
17,1198
18,3545
17,140
6,696
2,2985
19,2806
18,2861
23,1406
5,995
2,838
2,277
16,1846
12,1592
15,3339
1,1570
3,3031
7,726
9,3020
2,3423
13,189
7,3624
18,2563
18,3479
9,169
23,3308
9,2835
20,3135
2,257
12,1715
12,3724
7,1709
20,212
15,171
2,2840
12,3675
23,3540
19,3854
1,3260
22,1148
17,83
22,4086
21,3844
23,3108
5,3595
14,2804
1,2392
23,2795
14,2118
8,211
19,1385
5,3990
2,2370
7,3237
19,3389
8,452
8,1130
1,3319
4,3141
14,2694
22,986
10,3247
18,2056
6,3930
1,2807
8,2062
11,4050
1,677
9,2959
3,3455
10,3011
1,2216
2,3198
2,474
20,2663
2,1913
9,1492
17,3415
21,2926
19,1100
9,3553
13,3621
10,3496
1,3934
11,137
2,2968
3,1161
22,3173
21,4004
15,1480
1,2739
1,2017
15,769
7,3081
15,3198
10,2523
23,2143
1,1481
1,2433
11,700
7,1303
1,3856
10,3942
0,2485
2,815
6,1196
23,2418
2,3827
23,2640
23,819
8,650
8,1062
13,2203
1,1518
20,220
19,3331
22,136
22,331
1,2475
23,3212
22,3816
9,3186
17,2085
15,167
1,2039
12,1397
13,2649
1,3335
23,1870
8,258
20,2196
13,1719
13,734
6,2470
11,2984
9,2728
10,991
2,3969
2,2299
13,3940
9,3753
18,1632
6,1779
12,1887
14,225
10,2134
7,1965
2,2956
18,3137
10,3939
7,2671
9,2609
1,2517
19,1286
3,52
23,3560
10,553
4,3675
17,1608
21,3818
2,856
1,2712
5,3046
1,2592
2,3645
18,2058
8,1323
22,794
12,3696
21,240
5,1650
19,223
22,1507
15,3974
13,1042
20,3015
22,2232
23,2290
18,3063
2,233
7,815
23,106
15,3060
5,3654
12,1968
19,283
22,3930
11,1919
3,1116
14,1839
15,4091
16,3019
2,2848
5,3005
22,2981
11,227
2,2341
18,2985
1,546
22,3803
20,1539
8,4086
13,1810
21,2912
20,1196
19,1519
12,320
9,865
10,3783
2,3020
1,172
1,4058
23,2708
17,2460
9,3361
15,3537
14,2990
10,2342
1,104
23,2068
2,3219
3,2880
5,2586
4,1665
2,2517
23,2802
21,637
20,459
1,1745
8,2439
12,3264
2,3551
12,3589
9,3234
23,2155
5,254
2,2232
2,1393
2,3186
3,3957
5,1362
6,3005
23,2937
14,3313
11,3752
1,2696
21,120
13,1485
21,2093
15,715
1,737
23,3731
19,6
1,3201
22,1544
2,1716
3,2298
22,1226
23,3131
23,1021
23,3098
16,3139
18,3335
17,1201
8,1306
21,2942
2,938
1,2246
14,854
23,1471
17,3779
10,2672
22,1342
12,1623
2,3079
8,2791
23,79
3,3932
12,2123
1,2522
2,645
19,3248
21,72
21,3434
10,231
10,1152
17,141
5,650
20,1903
6,1727
13,2891
19,3112
20,3289
13,847
21,1725
22,2230
3,3904
2,2108
2,490
1,3149
5,3185
8,2515
8,471
1,1622
1,2362
16,3338
0,236
23,977
2,1312
18,2688
10,2583
21,1370
1,2875
22,3676
2,3069
14,2141
2,318
3,1535
21,3922
11,4061
1,381
9,491
23,1997
18,382
2,990
17,2308
1,1864
4,1393
20,2263
4,1266
18,1341
2,2689
2,1293
1,2632
15,2380
23,2435
2,387
2,1011
14,561
1,297
1,360
11,601
2,2801
19,3773
13,3756
15,3405
11,1281
21,3778
10,121
14,2213
18,2889
3,1803
7,367
2,1384
12,3476
14,2433
2,805
20,2034
12,2350
17,2577
19,1234
23,497
1,1309
8,1589
20,1211
23,3930
5,1675
17,183
6,1215
2,3192
11,323
6,631
9,1451
1,1154
14,700
2,1656
22,1943
9,367
17,1890
21,2277
22,2721
9,1610
14,2097
21,189
7,3636
23,2093
12,2433
15,1581
13,770
12,264
7,3436
2,3421
1,1316
16,1706
1,1357
11,593
17,3820
9,388
18,769
2,968
5,603
6,119
0,3459
14,2520
1,1643
11,2550
21,3305
1,390
1,2938
9,85
7,3315
2,3393
20,1543
20,2292
2,449
9,4073
20,198
19,1816
7,3252
1,739
21,3280
1,146
21,1014
9,3491
2,2238
16,3411
21,2969
2,3413
5,319
13,2079
1,1834
13,1180
2,2580
4,2706
2,3767
1,773
3,2099
19,3089
1,3336
21,1811
16,1806
23,2678
21,1338
1,1239
23,1502
7,3418
1,2324
10,741
5,628
15,2530
7,3476
20,2962
11,3806
1,1843
17,3703
15,2719
5,1651
22,2220
5,2853
22,1397
21,2206
23,1575
7,51
16,62
15,627
7,1426
23,444
1,1597
10,1346
2,473
21,737
21,2911
16,2841
13,2010
23,2844
23,259
1,1120
15,2130
19,493
2,3669
12,2206
3,2319
8,694
14,853
4,3738
22,3529
14,3849
21,466
9,1770
13,678
16,733
2,2705
23,1018
1,1593
22,606
23,519
12,1569
14,1297
23,3274
8,2084
18,1186
3,2440
6,2939
18,3020
12,1392
18,3412
11,921
20,2011
5,289
9,281
13,1486
23,2800
22,1196
12,1986
18,3081
3,569
15,1307
1,678
23,856
1,2066
13,658
9,2858
21,1563
22,287
16,5
18,1560
22,3152
16,1701
22,360
2,2145
22,3609
20,413
9,1229
23,1568
5,1396
2,3204
12,2171
19,2708
2,3731
18,1518
18,1924
12,2734
22,3811
16,257
1,159
11,462
23,3873
1,1025
23,2113
2,757
2,886
2,2638
8,240
9,1100
5,1688
9,442
2,166
8,3204
17,1371
20,823
22,2685
14,166
2,620
16,240
2,3260
23,3798
20,2251
11,3261
22,2466
10,1876
15,1847
17,190
12,3829
20,3171
11,518
7,1276
1,2960
3,1145
23,2489
9,2981
23,1170
22,805
9,2524
23,2400
2,3776
7,2235
21,3822
23,2035
16,539
20,168
8,1658
3,3945
9,870
11,1344
19,2778
12,3706
21,818
2,1373
5,2567
3,1574
7,2630
23,3328
5,37
8,524
7,3660
1,2222
18,1321
15,2196
1,2800
4,2743
8,2074
1,3085
2,63
22,2239
2,2703
23,3834
9,2757
13,3930
18,1103
14,4044
14,2439
1,3587
23,685
4,3052
1,2795
23,268
2,4008
11,3304
20,2922
1,432
9,604
19,2670
17,3948
9,3046
14,1809
4,3865
18,3168
7,1978
5,3374
20,3477
19,943
23,3063
14,620
16,1558
1,2125
13,1755
2,934
2,3289
3,2421
14,745
23,1108
5,3499
4,3396
1,78
3,49
10,202
23,1150
1,3043
23,3910
2,1711
8,2871
2,1242
10,3910
1,2244
8,1377
3,1370
2,2948
7,2908
2,576
15,2817
9,305
11,1312
23,135
13,2737
16,3936
23,1019
1,2861
22,1671
6,3375
2,1324
1,1918
2,1266
13,2625
20,3678
11,1915
4,30
21,3627
1,1163
23,1303
15,2993
15,187
22,2630
17,3739
14,3040
11,2040
20,2161
12,588
2,3524
1,2459
23,2318
9,1612
10,1897
9,878
22,2221
9,2415
22,497
20,1716
20,1107
23,1812
23,1366
19,2600
21,490
1,1548
2,2900
11,1695
14,994
3,641
2,296
23,3755
1,1858
11,3540
16,2569
11,2023
8,3019
23,1460
13,2842
23,2841
5,266
2,2724
15,2587
23,1235
7,2241
2,2225
8,365
23,1642
1,4037
12,3798
22,3070
8,1833
23,2217
3,3070
7,1723
14,387
13,964
20,2993
10,2077
12,1838
13,1571
23,3355
22,3287
8,2227
17,524
23,2298
9,2159
6,1986
2,788
4,1448
1,1845
12,3176
18,1865
11,3927
23,1085
2,2808
12,1196
1,52
23,589
21,2500
21,425
15,950
15,1762
12,32
11,3813
23,1296
22,3908
1,3160
6,3453
20,1585
23,3097
18,3455
8,1142
11,3203
11,956
13,1387
23,2395
6,3238
23,363
22,1585
11,524
1,3753
6,2750
8,2353
17,20
2,1531
18,622
20,543
23,2458
8,1920
2,2207
19,628
2,2557
8,1333
1,2326
23,3555
1,2551
22,2809
12,3209
1,154
10,2814
14,3279
9,2026
12,393
8,2807
19,1543
23,2326
1,1828
17,2645
11,3951
11,3509
1,3146
12,3411
11,1989
12,3302
4,1069
14,1606
21,361
6,49
21,3648
22,1589
2,1993
4,850
3,2017
9,3281
22,965
10,402
17,3576
1,969
2,1051
18,2834
14,3517
2,1601
1,1188
21,2886
8,3768
20,921
6,2485
15,1402
17,605
10,228
4,2828
20,1537
5,2668
11,633
2,4001
8,1686
2,3128
11,1203
1,3131
7,1068
23,1190
2,3530
23,3003
16,618
22,123
10,3902
8,635
23,2605
2,1737
22,919
2,651
1,90
17,2127
1,1735
11,699
13,3102
16,933
13,3767
4,280
3,1038
10,3629
23,3209
8,827
23,660
2,2328
12,3358
23,511
2,2233
3,2800
9,2279
19,1163
22,3084
22,3557
1,3420
16,2380
13,1488
12,1096
18,756
17,3877
19,394
7,1155
10,1810
2,1455
10,2204
6,2835
3,675
11,2972
0,1644
23,3514
10,2642
23,1055
2,1374
3,827
1,1738
20,1630
10,2185
2,1670
15,3527
8,2068
10,3908
18,2395
8,3631
23,3082
19,3175
9,2100
18,2192
5,2914
2,56
18,1655
20,1774
1,912
17,1360
23,1835
8,3995
23,2440
7,1211
23,2007
11,436
10,3501
18,1317
9,4013
6,961
12,371
1,3411
22,2432
10,1504
23,1525
22,2405
7,3825
21,238
10,3683
2,3221
1,2860
12,3191
18,145
22,2514
11,2564
23,750
7,323
14,1219
13,910
20,3984
15,1430
2,936
14,240
9,3180
7,3891
7,1478
10,3971
17,360
10,1529
14,332
8,3884
21,2905
10,528
10,633
1,782
2,2562
2,3344
1,1594
3,3969
19,1795
7,2306
20,684
10,1414
6,2763
2,3968
23,1605
4,215
15,3389
2,325
20,1692
1,3833
2,3930
1,3359
8,687
17,2479
10,388
17,84
1,235
8,1720
22,1044
11,2787
4,3630
9,450
22,356
21,1956
12,2277
2,3092
22,1037
2,3343
1,3667
2,1789
23,1373
21,3556
19,1810
19,1020
2,796
10,3095
1,1939
23,2551
2,3864
13,3498
2,1786
16,2438
14,3786
23,2142
19,3492
1,2212
7,960
7,1363
23,1243
7,1433
2,1158
22,2878
2,1042
5,588
1,2646
21,1516
22,525
9,898
22,3423
2,575
18,2135
11,732
22,759
3,3790
22,28
15,3382
1,1682
17,1769
1,2493
20,3130
2,2797
2,4095
2,1198
4,560
13,2214
1,1608
21,820
8,546
11,2740
6,2254
19,2005
17,4016
13,1619
3,2386
10,1861
2,1911
8,729
5,1371
17,3416
23,2239
1,3823
1,2610
2,716
1,2353
21,2866
2,2463
5,1580
0,2855
12,3669
12,519
17,1505
16,2371
14,654
8,3226
21,2999
13,1101
20,1242
23,1064
9,1216
1,424
19,1130
5,3576
1,1848
7,3885
4,811
16,3087
17,3366
1,1098
20,2755
23,3289
17,3586
9,93
2,2215
1,243
1,248
9,1971
22,696
8,2514
1,3220
22,3872
23,2848
10,206
1,2503
10,1689
21,3155
7,1066
11,991
17,3334
9,2628
2,3733
21,3019
2,366
22,542
1,2880
22,1772
18,1253
22,4003
5,2601
12,142
10,3704
5,1274
15,2693
17,2506
2,2565
16,1242
2,941
13,3707
4,1117
3,3793
6,276
15,3628
22,1829
5,3084
12,1629
18,954
4,2382
3,3632
21,3355
23,3936
17,3712
3,776
22,3230
17,580
11,979
14,704
8,1458
7,3493
18,300
5,4055
2,192
13,2420
3,3976
13,47
2,3479
13,3545
0,1275
1,3009
22,345
22,2596
2,4042
12,3285
6,2697
1,2577
6,1420
7,1378
11,3343
19,1366
20,3447
1,3004
10,2521
22,2284
9,3321
11,3612
10,1138
1,1166
1,3249
1,2518
8,3188
15,3196
1,2604
16,4086
19,1875
1,2871
17,542
13,1412
11,2641
23,2803
21,2466
6,3689
2,3574
13,1478
18,735
23,2363
16,1465
8,1380
12,1046
5,3031
9,2534
11,552
11,535
22,1278
21,145
14,3707
16,0
22,3848
10,1576
8,931
21,1102
10,776
2,2903
1,2507
22,2288
11,236
22,4067
2,3601
15,3958
23,4007
1,3736
10,1873
1,2501
9,3237
2,2718
19,1680
12,237
7,83
3,2539
19,3288
2,603
22,756
13,2511
3,1135
13,218
12,933
11,1385
2,882
19,2544
14,2972
1,3286
13,3144
8,3263
21,89
4,1523
21,2332
18,1183
12,1005
13,2038
2,2526
2,3153
1,3688
20,2865
16,1899
10,1315
23,2612
13,1028
18,1916
12,2054
1,430
14,973
1,1543
7,1257
23,2473
16,560
1,3279
22,3821
2,1058
1,544
2,2411
21,1749
2,154
3,493
21,2916
1,3634
22,3010
13,123
23,3678
23,3078
22,183
1,1959
10,1824
2,3271
1,3794
5,1887
8,705
1,3596
20,1142
4,3035
12,2975
20,2959
1,3093
2,1609
9,2084
16,3604
1,3398
13,3135
13,2012
12,3759
9,1753
23,1790
16,2554
8,3266
14,3019
18,99
1,3937
1,3059
16,2388
15,2330
15,3226
17,3089
9,2889
1,925
23,271
15,1513
1,3184
2,715
15,2056
19,769
3,3826
12,2548
10,523
11,4079
1,3666
20,3785
13,165
23,3393
22,1114
2,522
8,2924
2,324
17,3975
20,872
1,3607
1,774
16,3190
15,2982
22,3044
1,132
15,1287
21,2068
16,1540
19,846
19,2206
22,2193
1,2673
13,3315
1,2711
18,1171
4,134
13,1949
23,4008
20,2944
11,901
5,3586
11,2482
22,1571
22,2135
2,849
5,475
23,1609
17,1147
5,1235
21,941
16,1416
13,967
7,699
12,745
7,208
6,840
19,1813
21,1789
10,2024
1,1452
15,3778
11,2425
11,2880
11,550
15,2477
2,1548
9,3003
10,3962
8,2591
11,1079
22,2677
3,1082
4,2635
8,2110
21,1883
1,3548
13,1405
19,1990
19,1624
1,1603
9,1998
21,1596
9,2701
22,4005
23,2057
13,1782
14,1616
1,2436
23,1894
1,2728
21,3215
6,2531
19,3772
1,3153
12,3338
21,18
23,1983
19,1772
19,691
22,3535
18,2781
13,1781
14,824
4,1679
16,2593
12,3982
18,128
21,3276
1,1095
11,3793
15,2118
2,2167
1,1933
14,2078
1,3173
2,2620
20,3051
23,3517
23,1712
1,1367
15,2258
17,2259
11,2932
12,2408
23,3194
11,2179
8,1086
20,2476
2,602
15,2917
21,3631
9,3326
5,135
20,1525
12,3108
13,1995
18,2384
5,2007
22,271
5,3342
19,1899
23,2735
3,3529
1,484
21,147
2,3751
23,2272
6,2491
15,1470
7,3153
11,3098
22,538
1,3025
1,2062
15,242
17,508
11,118
0,3244
16,1458
15,2739
8,2214
1,1554
9,1432
10,621
2,1262
3,1539
2,2731
8,2451
8,2477
17,1989
16,1985
9,3842
1,3560
23,1353
4,41
1,2546
16,1394
2,18
22,3160
14,2686
9,3847
2,3758
6,3725
13,2256
4,3617
3,3640
17,2239
6,3622
20,2295
1,3410
2,1929
2,3796
1,1150
2,2298
17,695
8,908
1,3231
15,1491
2,1961
12,2418
6,2737
6,3951
8,759
8,4042
6,2319
5,886
17,323
9,2515
2,1522
1,2067
1,2360
1,2438
2,2186
12,1950
23,372
5,3996
19,381
13,593
1,3597
3,3676
22,1146
12,1399
13,3388
8,3959
15,2874
2,3305
21,3721
17,1154
23,1837
23,1544
1,1733
12,797
15,1232
18,2630
11,2083
23,1836
10,3727
7,403
1,3779
8,3238
7,305
11,2909
1,824
18,322
7,594
5,3232
1,586
8,3185
2,630
7,1567
20,306
1,1113
1,2910
7,738
1,3239
21,1086
14,616
2,863
19,1678
23,1936
17,3510
12,2392
2,450
16,3235
17,1105
13,679
4,2679
20,472
22,664
16,3511
6,2151
6,3648
